<?xml version='1.0' encoding='iso-8859-1' standalone='no'?>
<doxygen xmlns:xsi="http://www.w3.org/2001/XMLSchema-instance" xsi:noNamespaceSchemaLocation="compound.xsd" version="1.4.0">
  <compounddef id="classboost_1_1unicode_1_1utf8__codecvt" kind="class" prot="public">
    <compoundname>boost::unicode::utf8_codecvt</compoundname>
    <includes refid="codecvt_8hpp" local="no">codecvt.hpp</includes>
      <sectiondef kind="public-type">
      <memberdef kind="typedef" id="classboost_1_1unicode_1_1utf8__codecvt_1w0" prot="public" static="no">
        <type>codepoint</type>
        <definition>typedef codepoint boost::unicode::utf8_codecvt::intern_type</definition>
        <argsstring></argsstring>
        <name>intern_type</name>
        <briefdescription>
        </briefdescription>
        <detaileddescription>
        </detaileddescription>
        <inbodydescription>
        </inbodydescription>
        <location file="/home/rogier/c++/Unicode/boost_1_33_0/boost/unicode/codecvt.hpp" line="157" bodystart="157" bodyend="-1"/>
      </memberdef>
      <memberdef kind="typedef" id="classboost_1_1unicode_1_1utf8__codecvt_1w1" prot="public" static="no">
        <type>char</type>
        <definition>typedef char boost::unicode::utf8_codecvt::extern_type</definition>
        <argsstring></argsstring>
        <name>extern_type</name>
        <briefdescription>
        </briefdescription>
        <detaileddescription>
        </detaileddescription>
        <inbodydescription>
        </inbodydescription>
        <location file="/home/rogier/c++/Unicode/boost_1_33_0/boost/unicode/codecvt.hpp" line="158" bodystart="158" bodyend="-1"/>
      </memberdef>
      </sectiondef>
      <sectiondef kind="public-func">
      <memberdef kind="function" id="classboost_1_1unicode_1_1utf8__codecvt_1a0" prot="public" static="no" const="no" explicit="yes" inline="yes" virt="non-virtual">
        <type></type>
        <definition>boost::unicode::utf8_codecvt::utf8_codecvt</definition>
        <argsstring>(std::size_t r=0)</argsstring>
        <name>utf8_codecvt</name>
        <param>
          <type>std::size_t</type>
          <declname>r</declname>
          <defval>0</defval>
        </param>
        <briefdescription>
        </briefdescription>
        <detaileddescription>
        </detaileddescription>
        <inbodydescription>
        </inbodydescription>
        <location file="/home/rogier/c++/Unicode/boost_1_33_0/boost/unicode/codecvt.hpp" line="162" bodystart="160" bodyend="162"/>
      </memberdef>
      </sectiondef>
      <sectiondef kind="protected-func">
      <memberdef kind="function" id="classboost_1_1unicode_1_1utf8__codecvt_1b0" prot="protected" static="no" const="yes" explicit="no" inline="no" virt="virtual">
        <type>virtual std::codecvt_base::result</type>
        <definition>virtual std::codecvt_base::result boost::unicode::utf8_codecvt::do_in</definition>
        <argsstring>(utf_mbstate &amp;state, const char *from, const char *from_end, const char *&amp;from_next, codepoint *to, codepoint *to_end, codepoint *&amp;to_next) const </argsstring>
        <name>do_in</name>
        <param>
          <type><ref refid="structboost_1_1unicode_1_1utf__mbstate" kindref="compound">utf_mbstate</ref> &amp;</type>
          <declname>state</declname>
        </param>
        <param>
          <type>const char *</type>
          <declname>from</declname>
        </param>
        <param>
          <type>const char *</type>
          <declname>from_end</declname>
        </param>
        <param>
          <type>const char *&amp;</type>
          <declname>from_next</declname>
        </param>
        <param>
          <type>codepoint *</type>
          <declname>to</declname>
        </param>
        <param>
          <type>codepoint *</type>
          <declname>to_end</declname>
        </param>
        <param>
          <type>codepoint *&amp;</type>
          <declname>to_next</declname>
        </param>
        <briefdescription>
        </briefdescription>
        <detaileddescription>
        </detaileddescription>
        <inbodydescription>
        </inbodydescription>
        <location file="/home/rogier/c++/Unicode/boost_1_33_0/boost/unicode/codecvt.hpp" line="167"/>
      </memberdef>
      <memberdef kind="function" id="classboost_1_1unicode_1_1utf8__codecvt_1b1" prot="protected" static="no" const="yes" explicit="no" inline="no" virt="virtual">
        <type>virtual std::codecvt_base::result</type>
        <definition>virtual std::codecvt_base::result boost::unicode::utf8_codecvt::do_out</definition>
        <argsstring>(utf_mbstate &amp;state, const codepoint *from, const codepoint *from_end, const codepoint *&amp;from_next, char *to, char *to_end, char *&amp;to_next) const </argsstring>
        <name>do_out</name>
        <param>
          <type><ref refid="structboost_1_1unicode_1_1utf__mbstate" kindref="compound">utf_mbstate</ref> &amp;</type>
          <declname>state</declname>
        </param>
        <param>
          <type>const codepoint *</type>
          <declname>from</declname>
        </param>
        <param>
          <type>const codepoint *</type>
          <declname>from_end</declname>
        </param>
        <param>
          <type>const codepoint *&amp;</type>
          <declname>from_next</declname>
        </param>
        <param>
          <type>char *</type>
          <declname>to</declname>
        </param>
        <param>
          <type>char *</type>
          <declname>to_end</declname>
        </param>
        <param>
          <type>char *&amp;</type>
          <declname>to_next</declname>
        </param>
        <briefdescription>
        </briefdescription>
        <detaileddescription>
        </detaileddescription>
        <inbodydescription>
        </inbodydescription>
        <location file="/home/rogier/c++/Unicode/boost_1_33_0/boost/unicode/codecvt.hpp" line="172"/>
      </memberdef>
      <memberdef kind="function" id="classboost_1_1unicode_1_1utf8__codecvt_1b2" prot="protected" static="no" const="yes" explicit="no" inline="no" virt="virtual">
        <type>virtual int</type>
        <definition>virtual int boost::unicode::utf8_codecvt::do_length</definition>
        <argsstring>(const utf_mbstate &amp;, const char *from, const char *from_end, std::size_t max) const </argsstring>
        <name>do_length</name>
        <param>
          <type>const <ref refid="structboost_1_1unicode_1_1utf__mbstate" kindref="compound">utf_mbstate</ref> &amp;</type>
        </param>
        <param>
          <type>const char *</type>
          <declname>from</declname>
        </param>
        <param>
          <type>const char *</type>
          <declname>from_end</declname>
        </param>
        <param>
          <type>std::size_t</type>
          <declname>max</declname>
        </param>
        <briefdescription>
        </briefdescription>
        <detaileddescription>
        </detaileddescription>
        <inbodydescription>
        </inbodydescription>
        <location file="/home/rogier/c++/Unicode/boost_1_33_0/boost/unicode/codecvt.hpp" line="175"/>
      </memberdef>
      <memberdef kind="function" id="classboost_1_1unicode_1_1utf8__codecvt_1b3" prot="protected" static="no" const="yes" explicit="no" inline="yes" virt="virtual">
        <type>virtual int</type>
        <definition>virtual int boost::unicode::utf8_codecvt::do_max_length</definition>
        <argsstring>() const </argsstring>
        <name>do_max_length</name>
        <exceptions> throw ()</exceptions>
        <briefdescription>
        </briefdescription>
        <detaileddescription>
        </detaileddescription>
        <inbodydescription>
        </inbodydescription>
        <location file="/home/rogier/c++/Unicode/boost_1_33_0/boost/unicode/codecvt.hpp" line="178" bodystart="178" bodyend="180"/>
      </memberdef>
      </sectiondef>
    <briefdescription>
    </briefdescription>
    <detaileddescription>
<para>A codecvt facet that can be used to read and write UTF-8 encoded files. The in-memory representation of the characters is as codepoints, by definition represented by a 32-bit integer. The codepoints have Unicode scalar values, which are in the range 0x0..0xd7ff, 0xe000..0x10ffff. This performs an &quot;Encoding form conversion&quot; as mentioned in D37, section 3.9 of the Unicode standard 4.0, from UTF-8 to UTF-32. In the same section it is stated that a &quot;conformant encoding form conversion will treat any ill-formed code unit sequence as an error condition.&quot; This class does exactly that.</para><para>This the main difference between the UTF-8 facet currently in boost/detail/ and libs/detail/. </para>    </detaileddescription>
    <location file="/home/rogier/c++/Unicode/boost_1_33_0/boost/unicode/codecvt.hpp" line="154" bodystart="152" bodyend="181"/>
    <listofallmembers>
      <member refid="classboost_1_1unicode_1_1utf8__codecvt_1b0" prot="protected" virt="virtual"><scope>boost::unicode::utf8_codecvt</scope><name>do_in</name></member>
      <member refid="classboost_1_1unicode_1_1utf8__codecvt_1b2" prot="protected" virt="virtual"><scope>boost::unicode::utf8_codecvt</scope><name>do_length</name></member>
      <member refid="classboost_1_1unicode_1_1utf8__codecvt_1b3" prot="protected" virt="virtual"><scope>boost::unicode::utf8_codecvt</scope><name>do_max_length</name></member>
      <member refid="classboost_1_1unicode_1_1utf8__codecvt_1b1" prot="protected" virt="virtual"><scope>boost::unicode::utf8_codecvt</scope><name>do_out</name></member>
      <member refid="classboost_1_1unicode_1_1utf8__codecvt_1w1" prot="public" virt="non-virtual"><scope>boost::unicode::utf8_codecvt</scope><name>extern_type</name></member>
      <member refid="classboost_1_1unicode_1_1utf8__codecvt_1w0" prot="public" virt="non-virtual"><scope>boost::unicode::utf8_codecvt</scope><name>intern_type</name></member>
      <member refid="classboost_1_1unicode_1_1utf8__codecvt_1a0" prot="public" virt="non-virtual"><scope>boost::unicode::utf8_codecvt</scope><name>utf8_codecvt</name></member>
    </listofallmembers>
  </compounddef>
</doxygen>
