<?xml version='1.0' encoding='iso-8859-1' standalone='no'?>
<doxygen xmlns:xsi="http://www.w3.org/2001/XMLSchema-instance" xsi:noNamespaceSchemaLocation="compound.xsd" version="1.4.0">
  <compounddef id="structboost_1_1unicode_1_1bidi__class" kind="struct" prot="public">
    <compoundname>boost::unicode::bidi_class</compoundname>
      <sectiondef kind="public-type">
      <memberdef kind="enum" id="structboost_1_1unicode_1_1bidi__class_1w20" prot="public" static="no">
        <name>type</name>
        <enumvalue id="structboost_1_1unicode_1_1bidi__class_1w20w0" prot="public">
          <name>strong_left_to_right</name>
          <initializer> 1</initializer>
          <briefdescription>
          </briefdescription>
          <detaileddescription>
          </detaileddescription>
        </enumvalue>
        <enumvalue id="structboost_1_1unicode_1_1bidi__class_1w20w1" prot="public">
          <name>strong_left_to_right_embedding</name>
          <briefdescription>
          </briefdescription>
          <detaileddescription>
          </detaileddescription>
        </enumvalue>
        <enumvalue id="structboost_1_1unicode_1_1bidi__class_1w20w2" prot="public">
          <name>strong_left_to_right_override</name>
          <briefdescription>
          </briefdescription>
          <detaileddescription>
          </detaileddescription>
        </enumvalue>
        <enumvalue id="structboost_1_1unicode_1_1bidi__class_1w20w3" prot="public">
          <name>strong_right_to_left</name>
          <briefdescription>
          </briefdescription>
          <detaileddescription>
          </detaileddescription>
        </enumvalue>
        <enumvalue id="structboost_1_1unicode_1_1bidi__class_1w20w4" prot="public">
          <name>strong_right_to_left_arabic</name>
          <briefdescription>
          </briefdescription>
          <detaileddescription>
          </detaileddescription>
        </enumvalue>
        <enumvalue id="structboost_1_1unicode_1_1bidi__class_1w20w5" prot="public">
          <name>strong_right_to_left_embedding</name>
          <briefdescription>
          </briefdescription>
          <detaileddescription>
          </detaileddescription>
        </enumvalue>
        <enumvalue id="structboost_1_1unicode_1_1bidi__class_1w20w6" prot="public">
          <name>strong_right_to_left_override</name>
          <briefdescription>
          </briefdescription>
          <detaileddescription>
          </detaileddescription>
        </enumvalue>
        <enumvalue id="structboost_1_1unicode_1_1bidi__class_1w20w7" prot="public">
          <name>weak_pop_direction_format</name>
          <briefdescription>
          </briefdescription>
          <detaileddescription>
          </detaileddescription>
        </enumvalue>
        <enumvalue id="structboost_1_1unicode_1_1bidi__class_1w20w8" prot="public">
          <name>weak_european_digits</name>
          <briefdescription>
          </briefdescription>
          <detaileddescription>
          </detaileddescription>
        </enumvalue>
        <enumvalue id="structboost_1_1unicode_1_1bidi__class_1w20w9" prot="public">
          <name>weak_european_number_separator</name>
          <briefdescription>
          </briefdescription>
          <detaileddescription>
          </detaileddescription>
        </enumvalue>
        <enumvalue id="structboost_1_1unicode_1_1bidi__class_1w20w10" prot="public">
          <name>weak_european_number_terminator</name>
          <briefdescription>
          </briefdescription>
          <detaileddescription>
          </detaileddescription>
        </enumvalue>
        <enumvalue id="structboost_1_1unicode_1_1bidi__class_1w20w11" prot="public">
          <name>weak_arabic_number</name>
          <briefdescription>
          </briefdescription>
          <detaileddescription>
          </detaileddescription>
        </enumvalue>
        <enumvalue id="structboost_1_1unicode_1_1bidi__class_1w20w12" prot="public">
          <name>weak_common_number_separator</name>
          <briefdescription>
          </briefdescription>
          <detaileddescription>
          </detaileddescription>
        </enumvalue>
        <enumvalue id="structboost_1_1unicode_1_1bidi__class_1w20w13" prot="public">
          <name>weak_non_spacing_mark</name>
          <briefdescription>
          </briefdescription>
          <detaileddescription>
          </detaileddescription>
        </enumvalue>
        <enumvalue id="structboost_1_1unicode_1_1bidi__class_1w20w14" prot="public">
          <name>weak_boundary_neutral</name>
          <briefdescription>
          </briefdescription>
          <detaileddescription>
          </detaileddescription>
        </enumvalue>
        <enumvalue id="structboost_1_1unicode_1_1bidi__class_1w20w15" prot="public">
          <name>neutral_paragraph_separator</name>
          <briefdescription>
          </briefdescription>
          <detaileddescription>
          </detaileddescription>
        </enumvalue>
        <enumvalue id="structboost_1_1unicode_1_1bidi__class_1w20w16" prot="public">
          <name>neutral_segment_separator</name>
          <briefdescription>
          </briefdescription>
          <detaileddescription>
          </detaileddescription>
        </enumvalue>
        <enumvalue id="structboost_1_1unicode_1_1bidi__class_1w20w17" prot="public">
          <name>neutral_whitespace</name>
          <briefdescription>
          </briefdescription>
          <detaileddescription>
          </detaileddescription>
        </enumvalue>
        <enumvalue id="structboost_1_1unicode_1_1bidi__class_1w20w18" prot="public">
          <name>neutral_other</name>
          <briefdescription>
          </briefdescription>
          <detaileddescription>
          </detaileddescription>
        </enumvalue>
        <enumvalue id="structboost_1_1unicode_1_1bidi__class_1w20w19" prot="public">
          <name>__count</name>
          <briefdescription>
          </briefdescription>
          <detaileddescription>
          </detaileddescription>
        </enumvalue>
        <briefdescription>
        </briefdescription>
        <detaileddescription>
        </detaileddescription>
        <inbodydescription>
        </inbodydescription>
        <location file="/home/rogier/c++/Unicode/boost_1_33_0/boost/unicode/uni_character_properties.hpp" line="88" bodystart="87" bodyend="114"/>
      </memberdef>
      </sectiondef>
    <briefdescription>
    </briefdescription>
    <detaileddescription>
    </detaileddescription>
    <location file="/home/rogier/c++/Unicode/boost_1_33_0/boost/unicode/uni_character_properties.hpp" line="86" bodystart="85" bodyend="115"/>
    <listofallmembers>
      <member refid="structboost_1_1unicode_1_1bidi__class_1w20w19" prot="public" virt="non-virtual"><scope>boost::unicode::bidi_class</scope><name>__count</name></member>
      <member refid="structboost_1_1unicode_1_1bidi__class_1w20w18" prot="public" virt="non-virtual"><scope>boost::unicode::bidi_class</scope><name>neutral_other</name></member>
      <member refid="structboost_1_1unicode_1_1bidi__class_1w20w15" prot="public" virt="non-virtual"><scope>boost::unicode::bidi_class</scope><name>neutral_paragraph_separator</name></member>
      <member refid="structboost_1_1unicode_1_1bidi__class_1w20w16" prot="public" virt="non-virtual"><scope>boost::unicode::bidi_class</scope><name>neutral_segment_separator</name></member>
      <member refid="structboost_1_1unicode_1_1bidi__class_1w20w17" prot="public" virt="non-virtual"><scope>boost::unicode::bidi_class</scope><name>neutral_whitespace</name></member>
      <member refid="structboost_1_1unicode_1_1bidi__class_1w20w0" prot="public" virt="non-virtual"><scope>boost::unicode::bidi_class</scope><name>strong_left_to_right</name></member>
      <member refid="structboost_1_1unicode_1_1bidi__class_1w20w1" prot="public" virt="non-virtual"><scope>boost::unicode::bidi_class</scope><name>strong_left_to_right_embedding</name></member>
      <member refid="structboost_1_1unicode_1_1bidi__class_1w20w2" prot="public" virt="non-virtual"><scope>boost::unicode::bidi_class</scope><name>strong_left_to_right_override</name></member>
      <member refid="structboost_1_1unicode_1_1bidi__class_1w20w3" prot="public" virt="non-virtual"><scope>boost::unicode::bidi_class</scope><name>strong_right_to_left</name></member>
      <member refid="structboost_1_1unicode_1_1bidi__class_1w20w4" prot="public" virt="non-virtual"><scope>boost::unicode::bidi_class</scope><name>strong_right_to_left_arabic</name></member>
      <member refid="structboost_1_1unicode_1_1bidi__class_1w20w5" prot="public" virt="non-virtual"><scope>boost::unicode::bidi_class</scope><name>strong_right_to_left_embedding</name></member>
      <member refid="structboost_1_1unicode_1_1bidi__class_1w20w6" prot="public" virt="non-virtual"><scope>boost::unicode::bidi_class</scope><name>strong_right_to_left_override</name></member>
      <member refid="structboost_1_1unicode_1_1bidi__class_1w20" prot="public" virt="non-virtual"><scope>boost::unicode::bidi_class</scope><name>type</name></member>
      <member refid="structboost_1_1unicode_1_1bidi__class_1w20w11" prot="public" virt="non-virtual"><scope>boost::unicode::bidi_class</scope><name>weak_arabic_number</name></member>
      <member refid="structboost_1_1unicode_1_1bidi__class_1w20w14" prot="public" virt="non-virtual"><scope>boost::unicode::bidi_class</scope><name>weak_boundary_neutral</name></member>
      <member refid="structboost_1_1unicode_1_1bidi__class_1w20w12" prot="public" virt="non-virtual"><scope>boost::unicode::bidi_class</scope><name>weak_common_number_separator</name></member>
      <member refid="structboost_1_1unicode_1_1bidi__class_1w20w8" prot="public" virt="non-virtual"><scope>boost::unicode::bidi_class</scope><name>weak_european_digits</name></member>
      <member refid="structboost_1_1unicode_1_1bidi__class_1w20w9" prot="public" virt="non-virtual"><scope>boost::unicode::bidi_class</scope><name>weak_european_number_separator</name></member>
      <member refid="structboost_1_1unicode_1_1bidi__class_1w20w10" prot="public" virt="non-virtual"><scope>boost::unicode::bidi_class</scope><name>weak_european_number_terminator</name></member>
      <member refid="structboost_1_1unicode_1_1bidi__class_1w20w13" prot="public" virt="non-virtual"><scope>boost::unicode::bidi_class</scope><name>weak_non_spacing_mark</name></member>
      <member refid="structboost_1_1unicode_1_1bidi__class_1w20w7" prot="public" virt="non-virtual"><scope>boost::unicode::bidi_class</scope><name>weak_pop_direction_format</name></member>
    </listofallmembers>
  </compounddef>
</doxygen>
