<?xml version='1.0' encoding='iso-8859-1' standalone='no'?>
<doxygen xmlns:xsi="http://www.w3.org/2001/XMLSchema-instance" xsi:noNamespaceSchemaLocation="compound.xsd" version="1.4.0">
  <compounddef id="structboost_1_1unicode_1_1grapheme__cluster__break" kind="struct" prot="public">
    <compoundname>boost::unicode::grapheme_cluster_break</compoundname>
      <sectiondef kind="public-type">
      <memberdef kind="enum" id="structboost_1_1unicode_1_1grapheme__cluster__break_1w11" prot="public" static="no">
        <name>type</name>
        <enumvalue id="structboost_1_1unicode_1_1grapheme__cluster__break_1w11w0" prot="public">
          <name>cr</name>
          <initializer> 0</initializer>
          <briefdescription>
          </briefdescription>
          <detaileddescription>
          </detaileddescription>
        </enumvalue>
        <enumvalue id="structboost_1_1unicode_1_1grapheme__cluster__break_1w11w1" prot="public">
          <name>lf</name>
          <initializer> 1</initializer>
          <briefdescription>
          </briefdescription>
          <detaileddescription>
          </detaileddescription>
        </enumvalue>
        <enumvalue id="structboost_1_1unicode_1_1grapheme__cluster__break_1w11w2" prot="public">
          <name>control</name>
          <initializer> 2</initializer>
          <briefdescription>
          </briefdescription>
          <detaileddescription>
          </detaileddescription>
        </enumvalue>
        <enumvalue id="structboost_1_1unicode_1_1grapheme__cluster__break_1w11w3" prot="public">
          <name>l</name>
          <initializer> 3</initializer>
          <briefdescription>
          </briefdescription>
          <detaileddescription>
          </detaileddescription>
        </enumvalue>
        <enumvalue id="structboost_1_1unicode_1_1grapheme__cluster__break_1w11w4" prot="public">
          <name>v</name>
          <initializer> 4</initializer>
          <briefdescription>
          </briefdescription>
          <detaileddescription>
          </detaileddescription>
        </enumvalue>
        <enumvalue id="structboost_1_1unicode_1_1grapheme__cluster__break_1w11w5" prot="public">
          <name>t</name>
          <initializer> 5</initializer>
          <briefdescription>
          </briefdescription>
          <detaileddescription>
          </detaileddescription>
        </enumvalue>
        <enumvalue id="structboost_1_1unicode_1_1grapheme__cluster__break_1w11w6" prot="public">
          <name>lv</name>
          <initializer> 6</initializer>
          <briefdescription>
          </briefdescription>
          <detaileddescription>
          </detaileddescription>
        </enumvalue>
        <enumvalue id="structboost_1_1unicode_1_1grapheme__cluster__break_1w11w7" prot="public">
          <name>lvt</name>
          <initializer> 7</initializer>
          <briefdescription>
          </briefdescription>
          <detaileddescription>
          </detaileddescription>
        </enumvalue>
        <enumvalue id="structboost_1_1unicode_1_1grapheme__cluster__break_1w11w8" prot="public">
          <name>extend</name>
          <initializer> 8</initializer>
          <briefdescription>
          </briefdescription>
          <detaileddescription>
          </detaileddescription>
        </enumvalue>
        <enumvalue id="structboost_1_1unicode_1_1grapheme__cluster__break_1w11w9" prot="public">
          <name>other</name>
          <initializer> 9</initializer>
          <briefdescription>
          </briefdescription>
          <detaileddescription>
          </detaileddescription>
        </enumvalue>
        <enumvalue id="structboost_1_1unicode_1_1grapheme__cluster__break_1w11w10" prot="public">
          <name>__count</name>
          <briefdescription>
          </briefdescription>
          <detaileddescription>
          </detaileddescription>
        </enumvalue>
        <briefdescription>
        </briefdescription>
        <detaileddescription>
        </detaileddescription>
        <inbodydescription>
        </inbodydescription>
        <location file="/home/rogier/c++/Unicode/boost_1_33_0/boost/unicode/uni_character_properties.hpp" line="211" bodystart="210" bodyend="225"/>
      </memberdef>
      </sectiondef>
    <briefdescription>
    </briefdescription>
    <detaileddescription>
    </detaileddescription>
    <location file="/home/rogier/c++/Unicode/boost_1_33_0/boost/unicode/uni_character_properties.hpp" line="209" bodystart="208" bodyend="226"/>
    <listofallmembers>
      <member refid="structboost_1_1unicode_1_1grapheme__cluster__break_1w11w10" prot="public" virt="non-virtual"><scope>boost::unicode::grapheme_cluster_break</scope><name>__count</name></member>
      <member refid="structboost_1_1unicode_1_1grapheme__cluster__break_1w11w2" prot="public" virt="non-virtual"><scope>boost::unicode::grapheme_cluster_break</scope><name>control</name></member>
      <member refid="structboost_1_1unicode_1_1grapheme__cluster__break_1w11w0" prot="public" virt="non-virtual"><scope>boost::unicode::grapheme_cluster_break</scope><name>cr</name></member>
      <member refid="structboost_1_1unicode_1_1grapheme__cluster__break_1w11w8" prot="public" virt="non-virtual"><scope>boost::unicode::grapheme_cluster_break</scope><name>extend</name></member>
      <member refid="structboost_1_1unicode_1_1grapheme__cluster__break_1w11w3" prot="public" virt="non-virtual"><scope>boost::unicode::grapheme_cluster_break</scope><name>l</name></member>
      <member refid="structboost_1_1unicode_1_1grapheme__cluster__break_1w11w1" prot="public" virt="non-virtual"><scope>boost::unicode::grapheme_cluster_break</scope><name>lf</name></member>
      <member refid="structboost_1_1unicode_1_1grapheme__cluster__break_1w11w6" prot="public" virt="non-virtual"><scope>boost::unicode::grapheme_cluster_break</scope><name>lv</name></member>
      <member refid="structboost_1_1unicode_1_1grapheme__cluster__break_1w11w7" prot="public" virt="non-virtual"><scope>boost::unicode::grapheme_cluster_break</scope><name>lvt</name></member>
      <member refid="structboost_1_1unicode_1_1grapheme__cluster__break_1w11w9" prot="public" virt="non-virtual"><scope>boost::unicode::grapheme_cluster_break</scope><name>other</name></member>
      <member refid="structboost_1_1unicode_1_1grapheme__cluster__break_1w11w5" prot="public" virt="non-virtual"><scope>boost::unicode::grapheme_cluster_break</scope><name>t</name></member>
      <member refid="structboost_1_1unicode_1_1grapheme__cluster__break_1w11" prot="public" virt="non-virtual"><scope>boost::unicode::grapheme_cluster_break</scope><name>type</name></member>
      <member refid="structboost_1_1unicode_1_1grapheme__cluster__break_1w11w4" prot="public" virt="non-virtual"><scope>boost::unicode::grapheme_cluster_break</scope><name>v</name></member>
    </listofallmembers>
  </compounddef>
</doxygen>
