<?xml version='1.0' encoding='iso-8859-1' standalone='no'?>
<doxygen xmlns:xsi="http://www.w3.org/2001/XMLSchema-instance" xsi:noNamespaceSchemaLocation="compound.xsd" version="1.4.0">
  <compounddef id="structboost_1_1unicode_1_1decomposition__type" kind="struct" prot="public">
    <compoundname>boost::unicode::decomposition_type</compoundname>
      <sectiondef kind="public-type">
      <memberdef kind="enum" id="structboost_1_1unicode_1_1decomposition__type_1w19" prot="public" static="no">
        <name>type</name>
        <enumvalue id="structboost_1_1unicode_1_1decomposition__type_1w19w0" prot="public">
          <name>font</name>
          <initializer> 0</initializer>
          <briefdescription>
          </briefdescription>
          <detaileddescription>
          </detaileddescription>
        </enumvalue>
        <enumvalue id="structboost_1_1unicode_1_1decomposition__type_1w19w1" prot="public">
          <name>no_break</name>
          <briefdescription>
          </briefdescription>
          <detaileddescription>
          </detaileddescription>
        </enumvalue>
        <enumvalue id="structboost_1_1unicode_1_1decomposition__type_1w19w2" prot="public">
          <name>initial</name>
          <briefdescription>
          </briefdescription>
          <detaileddescription>
          </detaileddescription>
        </enumvalue>
        <enumvalue id="structboost_1_1unicode_1_1decomposition__type_1w19w3" prot="public">
          <name>medial</name>
          <briefdescription>
          </briefdescription>
          <detaileddescription>
          </detaileddescription>
        </enumvalue>
        <enumvalue id="structboost_1_1unicode_1_1decomposition__type_1w19w4" prot="public">
          <name>final</name>
          <briefdescription>
          </briefdescription>
          <detaileddescription>
          </detaileddescription>
        </enumvalue>
        <enumvalue id="structboost_1_1unicode_1_1decomposition__type_1w19w5" prot="public">
          <name>isolated</name>
          <briefdescription>
          </briefdescription>
          <detaileddescription>
          </detaileddescription>
        </enumvalue>
        <enumvalue id="structboost_1_1unicode_1_1decomposition__type_1w19w6" prot="public">
          <name>circle</name>
          <briefdescription>
          </briefdescription>
          <detaileddescription>
          </detaileddescription>
        </enumvalue>
        <enumvalue id="structboost_1_1unicode_1_1decomposition__type_1w19w7" prot="public">
          <name>super</name>
          <briefdescription>
          </briefdescription>
          <detaileddescription>
          </detaileddescription>
        </enumvalue>
        <enumvalue id="structboost_1_1unicode_1_1decomposition__type_1w19w8" prot="public">
          <name>sub</name>
          <briefdescription>
          </briefdescription>
          <detaileddescription>
          </detaileddescription>
        </enumvalue>
        <enumvalue id="structboost_1_1unicode_1_1decomposition__type_1w19w9" prot="public">
          <name>vertical</name>
          <briefdescription>
          </briefdescription>
          <detaileddescription>
          </detaileddescription>
        </enumvalue>
        <enumvalue id="structboost_1_1unicode_1_1decomposition__type_1w19w10" prot="public">
          <name>wide</name>
          <briefdescription>
          </briefdescription>
          <detaileddescription>
          </detaileddescription>
        </enumvalue>
        <enumvalue id="structboost_1_1unicode_1_1decomposition__type_1w19w11" prot="public">
          <name>narrow</name>
          <briefdescription>
          </briefdescription>
          <detaileddescription>
          </detaileddescription>
        </enumvalue>
        <enumvalue id="structboost_1_1unicode_1_1decomposition__type_1w19w12" prot="public">
          <name>small</name>
          <briefdescription>
          </briefdescription>
          <detaileddescription>
          </detaileddescription>
        </enumvalue>
        <enumvalue id="structboost_1_1unicode_1_1decomposition__type_1w19w13" prot="public">
          <name>square</name>
          <briefdescription>
          </briefdescription>
          <detaileddescription>
          </detaileddescription>
        </enumvalue>
        <enumvalue id="structboost_1_1unicode_1_1decomposition__type_1w19w14" prot="public">
          <name>fraction</name>
          <briefdescription>
          </briefdescription>
          <detaileddescription>
          </detaileddescription>
        </enumvalue>
        <enumvalue id="structboost_1_1unicode_1_1decomposition__type_1w19w15" prot="public">
          <name>compat</name>
          <briefdescription>
          </briefdescription>
          <detaileddescription>
          </detaileddescription>
        </enumvalue>
        <enumvalue id="structboost_1_1unicode_1_1decomposition__type_1w19w16" prot="public">
          <name>canonical</name>
          <briefdescription>
          </briefdescription>
          <detaileddescription>
          </detaileddescription>
        </enumvalue>
        <enumvalue id="structboost_1_1unicode_1_1decomposition__type_1w19w17" prot="public">
          <name>none</name>
          <briefdescription>
          </briefdescription>
          <detaileddescription>
          </detaileddescription>
        </enumvalue>
        <enumvalue id="structboost_1_1unicode_1_1decomposition__type_1w19w18" prot="public">
          <name>__count</name>
          <briefdescription>
          </briefdescription>
          <detaileddescription>
          </detaileddescription>
        </enumvalue>
        <briefdescription>
        </briefdescription>
        <detaileddescription>
        </detaileddescription>
        <inbodydescription>
        </inbodydescription>
        <location file="/home/rogier/c++/Unicode/boost_1_33_0/boost/unicode/uni_character_properties.hpp" line="183" bodystart="182" bodyend="204"/>
      </memberdef>
      </sectiondef>
    <briefdescription>
    </briefdescription>
    <detaileddescription>
    </detaileddescription>
    <location file="/home/rogier/c++/Unicode/boost_1_33_0/boost/unicode/uni_character_properties.hpp" line="181" bodystart="180" bodyend="205"/>
    <listofallmembers>
      <member refid="structboost_1_1unicode_1_1decomposition__type_1w19w18" prot="public" virt="non-virtual"><scope>boost::unicode::decomposition_type</scope><name>__count</name></member>
      <member refid="structboost_1_1unicode_1_1decomposition__type_1w19w16" prot="public" virt="non-virtual"><scope>boost::unicode::decomposition_type</scope><name>canonical</name></member>
      <member refid="structboost_1_1unicode_1_1decomposition__type_1w19w6" prot="public" virt="non-virtual"><scope>boost::unicode::decomposition_type</scope><name>circle</name></member>
      <member refid="structboost_1_1unicode_1_1decomposition__type_1w19w15" prot="public" virt="non-virtual"><scope>boost::unicode::decomposition_type</scope><name>compat</name></member>
      <member refid="structboost_1_1unicode_1_1decomposition__type_1w19w4" prot="public" virt="non-virtual"><scope>boost::unicode::decomposition_type</scope><name>final</name></member>
      <member refid="structboost_1_1unicode_1_1decomposition__type_1w19w0" prot="public" virt="non-virtual"><scope>boost::unicode::decomposition_type</scope><name>font</name></member>
      <member refid="structboost_1_1unicode_1_1decomposition__type_1w19w14" prot="public" virt="non-virtual"><scope>boost::unicode::decomposition_type</scope><name>fraction</name></member>
      <member refid="structboost_1_1unicode_1_1decomposition__type_1w19w2" prot="public" virt="non-virtual"><scope>boost::unicode::decomposition_type</scope><name>initial</name></member>
      <member refid="structboost_1_1unicode_1_1decomposition__type_1w19w5" prot="public" virt="non-virtual"><scope>boost::unicode::decomposition_type</scope><name>isolated</name></member>
      <member refid="structboost_1_1unicode_1_1decomposition__type_1w19w3" prot="public" virt="non-virtual"><scope>boost::unicode::decomposition_type</scope><name>medial</name></member>
      <member refid="structboost_1_1unicode_1_1decomposition__type_1w19w11" prot="public" virt="non-virtual"><scope>boost::unicode::decomposition_type</scope><name>narrow</name></member>
      <member refid="structboost_1_1unicode_1_1decomposition__type_1w19w1" prot="public" virt="non-virtual"><scope>boost::unicode::decomposition_type</scope><name>no_break</name></member>
      <member refid="structboost_1_1unicode_1_1decomposition__type_1w19w17" prot="public" virt="non-virtual"><scope>boost::unicode::decomposition_type</scope><name>none</name></member>
      <member refid="structboost_1_1unicode_1_1decomposition__type_1w19w12" prot="public" virt="non-virtual"><scope>boost::unicode::decomposition_type</scope><name>small</name></member>
      <member refid="structboost_1_1unicode_1_1decomposition__type_1w19w13" prot="public" virt="non-virtual"><scope>boost::unicode::decomposition_type</scope><name>square</name></member>
      <member refid="structboost_1_1unicode_1_1decomposition__type_1w19w8" prot="public" virt="non-virtual"><scope>boost::unicode::decomposition_type</scope><name>sub</name></member>
      <member refid="structboost_1_1unicode_1_1decomposition__type_1w19w7" prot="public" virt="non-virtual"><scope>boost::unicode::decomposition_type</scope><name>super</name></member>
      <member refid="structboost_1_1unicode_1_1decomposition__type_1w19" prot="public" virt="non-virtual"><scope>boost::unicode::decomposition_type</scope><name>type</name></member>
      <member refid="structboost_1_1unicode_1_1decomposition__type_1w19w9" prot="public" virt="non-virtual"><scope>boost::unicode::decomposition_type</scope><name>vertical</name></member>
      <member refid="structboost_1_1unicode_1_1decomposition__type_1w19w10" prot="public" virt="non-virtual"><scope>boost::unicode::decomposition_type</scope><name>wide</name></member>
    </listofallmembers>
  </compounddef>
</doxygen>
