<?xml version="1.0" encoding="utf-8"?>
<!DOCTYPE section PUBLIC "-//Boost//DTD BoostBook XML V1.0//EN"
	"http://www.boost.org/tools/boostbook/dtd/boostbook.dtd">
<section id="mirror.examples"
	xmlns:xi="http://www.w3.org/2001/XInclude"
>
	<title>Examples</title>

	<using-namespace name="boost"/>
	<using-namespace name="boost::mirror"/>

	<para>This section contains most of the examples that are scattered around the docs, in an organized fashion. The following subsections focus on the distinct tasks, like registering, reflection, meta object usage, etc., and provide links with short descriptions for quick access to the examples.
	</para>
	<section id="mirror.examples.registering">
		<title>Registering</title>
		<para>
		</para>
                <table frame="all"><title>Registering examples</title>
                <tgroup cols="2">
                <thead>
                        <row> <entry>Example</entry> <entry>Notes</entry> </row>
                </thead>
                <tbody>
                        <row>
                                <entry><link linkend="mirror.examples.reg_refl_namespaces_01">Namespace reflection and registering - example 1</link></entry>
                                <entry>A complete example showing the registering and reflection of namespaces and the usage of the <code><classname>meta_namespace</classname></code> template. </entry>
                        </row>
		</tbody>
		</tgroup>
		</table>
	</section>
	<section id="mirror.examples.reflection">
		<title>Reflection</title>
		<para>The following table contains a list of examples showing the use of the <link linkend="mirror.reference.reflecting">reflection macros</link>.
		</para>
                <table frame="all"><title>Reflection examples</title>
                <tgroup cols="2">
                <thead>
                        <row> <entry>Example</entry> <entry>Notes</entry> </row>
                </thead>
                <tbody>
                        <row>
                                <entry><link linkend="mirror.examples.refl_namespaces_01">Namespace reflection - example 1</link></entry>
                                <entry>Simple example showing reflection of the pre-registered namespaces. </entry>
                        </row>
                        <row>
                                <entry><link linkend="mirror.examples.reg_refl_namespaces_01">Namespace reflection and registering - example 1</link></entry>
                                <entry>A complete example showing the registering and reflection of namespaces and the usage of the <code><classname>meta_namespace</classname></code> template. </entry>
                        </row>
                        <row>
                                <entry><link linkend="mirror.examples.refl_types_01">Derived type reflection - example 1</link></entry>
                                <entry>A simple example showing the reflection of types and the usage of the <code><classname>meta_type</classname></code> template's name getters. </entry>
                        </row>
                        <row>
                                <entry><link linkend="mirror.examples.refl_types_02">Type reflection and <code>meta_type</code> usage - example 1</link></entry>
                                <entry>An example showing the reflection of types and the usage of the member functions and typedefs provided by the <code><classname>meta_type</classname></code> template. </entry>
                        </row>
		</tbody>
		</tgroup>
		</table>

	</section>
	<section id="mirror.examples.meta_objects">
		<title>Meta object usage</title>
		<para>Examples listed in the following table are related to the usage of the templates modelling the <link linkend="mirror.concepts.meta_object">MetaObject</link> concept.
		</para>
                <table frame="all"><title>Reflection examples</title>
                <tgroup cols="2">
                <thead>
                        <row> <entry>Example</entry> <entry>Notes</entry> </row>
                </thead>
                <tbody>
                        <row>
                                <entry><link linkend="mirror.examples.refl_namespaces_01">Simple meta namespace usage</link></entry>
                                <entry>Simple example showing the use of <code><classname>meta_namespace</classname></code>'s name getters. </entry>
                        </row>
                        <row>
                                <entry><link linkend="mirror.examples.refl_namespaces_02">Meta namespace name getters - example 1</link></entry>
                                <entry>Example showing the use of <code><classname>meta_namespace</classname></code>'s name getters and the use of the <code>scope</code> and <code>ancestors</code> typedefs. </entry>
                        </row>
                        <row>
                                <entry><link linkend="mirror.examples.refl_namespaces_03">Meta namespace generic name getter - example 1</link></entry>
                                <entry>Example showing the usage of the <code><classname>meta_namespace</classname></code>'s generic name getter member function <code>get_name</code>. </entry>
                        </row>
                        <row>
                                <entry><link linkend="mirror.examples.refl_namespaces_04">Meta namespace generic name getter - example 2</link></entry>
                                <entry>This example is a variation of the <link linkend="mirror.examples.refl_namespaces_03">Meta namespace generic name getter - 1</link> and shows the use of the <code>get_name</code> generic namespace name getter member function. </entry>
                        </row>
                        <row>
                                <entry><link linkend="mirror.examples.reg_refl_namespaces_01">Namespace reflection and registering - example 1</link></entry>
                                <entry>A complete example showing the registering and reflection of namespaces and the usage of the <code><classname>meta_namespace</classname></code> template. </entry>
                        </row>
                        <row>
                                <entry><link linkend="mirror.examples.refl_types_01">Meta type name getters - example 1</link></entry>
                                <entry>A simple example showing the reflection of types and the usage of the <code><classname>meta_type</classname></code> template's name getters. </entry>
                        </row>
                        <row>
                                <entry><link linkend="mirror.examples.refl_types_02">Type reflection and <code>meta_type</code> usage - example 1</link></entry>
                                <entry>An example showing the reflection of types and the usage of the member functions and typedefs provided by the <code><classname>meta_type</classname></code> template. </entry>
                        </row>
                </tbody>
                </tgroup>
       	        </table>
	</section>
	<section id="mirror.examples.traits">
		<title>Trait templates usage</title>
		<para>
		</para>
	</section>
	<section id="mirror.examples.meta_object_containers">
		<title>Meta object containers</title>
		<para>
		</para>
	</section>
	<section id="mirror.examples.algorithms">
		<title>Algorithms</title>
		<para>
		</para>
	</section>
	<section id="mirror.examples.traversals">
		<title>Traversals</title>
		<para>
		</para>
	</section>
	<section id="mirror.examples.all">
		<title>All examples</title>
		<para>
		</para>
		<xi:include href="examples/hello_world.xml"/>
		<xi:include href="examples/hello_world_2.xml"/>
		<xi:include href="examples/refl_namespaces_01.xml"/>
		<xi:include href="examples/refl_namespaces_02.xml"/>
		<xi:include href="examples/refl_namespaces_03.xml"/>
		<xi:include href="examples/refl_namespaces_04.xml"/>
		<xi:include href="examples/reg_refl_namespaces_01.xml"/>
		<xi:include href="examples/refl_types_01.xml"/>
		<xi:include href="examples/refl_types_02.xml"/>
	</section>

</section>
