<?xml version="1.0" encoding="utf-8"?>
<!DOCTYPE library PUBLIC "-//Boost//DTD BoostBook XML V1.0//EN"
"http://www.boost.org/tools/boostbook/dtd/boostbook.dtd">
<library name="Mirror" 
	dirname="mirror" 
	xmlns:xi="http://www.w3.org/2001/XInclude"
	last-revision="$Date: 2008-07-11 11:11:00 +0200 (Sat, 12 Jul 2008)  $" 
	id="mirror" 
>
	<libraryinfo>
		<author>
			<firstname>Matúš</firstname>
			<surname>Chochlík</surname>
			<email>chochlik -at- gmail.com</email>
			<email>Matus.Chochlik -at- fri.uniza.sk</email>
		</author>

		<copyright>
			<year>2008</year>
			<holder>Matúš Chochlík</holder>
		</copyright>

		<legalnotice>
			<para>Use, modification and distribution is subject to the Boost
			Software License, Version 1.0. (See accompanying file
			<filename>LICENSE_1_0.txt</filename> or copy at <ulink
				url="http://www.boost.org/LICENSE_1_0.txt">http://www.boost.org/LICENSE_1_0.txt</ulink>)
			</para>
		</legalnotice>

		<librarypurpose>Compile-time reflection library</librarypurpose>
		<librarycategory name="category:reflection"/>
		<librarycategory name="category:meta-programming"/>
	</libraryinfo>

	<title>Mirror</title>

	<note><para>The documentation is far from being complete and does not cover every feature
	already implemented, yet.
	</para></note>

	<note><para>Mirror is still in development and IS NOT a part of Boost libraries.
	</para></note>

	<xi:include href="introduction.xml"/>
	<xi:include href="tutorial.xml"/>
	<xi:include href="concepts.xml"/>
	<xi:include href="reference.xml"/>
	<xi:include href="examples.xml"/>
	<xi:include href="rationale.xml"/>

</library>

