<?xml version="1.0" encoding="utf-8"?>
<!DOCTYPE section PUBLIC "-//Boost//DTD BoostBook XML V1.0//EN"
	"http://www.boost.org/tools/boostbook/dtd/boostbook.dtd">
<header name="boost/mirror/algorithm/reverse_find_if.hpp">
	<namespace name="boost">
	<namespace name="mirror">
		<class name="reverse_find_if">
			<template>
				<template-type-parameter name="MetaObjectSequence"/>
				<template-type-parameter name="Predicate"/>
			</template>
			<purpose>
				<para>Returns a reverse <code>Iterator</code> pointing to the first-from-end meta-object
				in a meta-object sequence satisfying the given unary <code>Predicate</code>.
				</para>
			</purpose>
			<access name="public">
				<typedef name="type">
					<type><emphasis>unspecified</emphasis></type>
				</typedef>
			</access>
			<description>
				<section id="mirror.algorithm.reverse_find_if.reference.samples">
					<title>Examples</title>
<programlisting>
</programlisting>
				</section>
			</description>
		</class>
	</namespace><!-- mirror -->
	</namespace><!-- boost -->
</header>
