<?xml version="1.0" encoding="utf-8"?>
<!DOCTYPE section PUBLIC "-//Boost//DTD BoostBook XML V1.0//EN"
	"http://www.boost.org/tools/boostbook/dtd/boostbook.dtd">
<header name="boost/mirror/traits/reflects_type.hpp">
	<namespace name="boost">
	<namespace name="mirror">
		<class name="reflects_type">
			<template>
				<template-type-parameter name="MetaObject"/>
			</template>
			<purpose>
				<para>If <code>MetaObject</code> is either an instantiation of <code><classname>meta_type</classname></code>
				or <code><classname>meta_class</classname></code>, then <code><classname>reflects_type</classname></code>
				inherits from <code><classname>::boost::mpl::true_</classname></code>. Otherwise it inherits from
				<code><classname>::boost::mpl::false_</classname></code>.
				</para>
			</purpose>
			<inherit access="public">
				<type><classname>mpl::false_</classname>-or-<classname>mpl::true_</classname></type>
			</inherit>
			<description>
				<para>This template can be used to distinguish whether the opaque <code>MetaObject</code> type reflects a type or a class
				and thus is an instantiation of <code><classname>meta_type</classname></code>.
				</para>
				<section id="mirror.reflects_type.reference.samples">
					<title>Examples</title>
<programlisting>
BOOST_STATIC_ASSERT((
	reflects_type&lt; <macroname>BOOST_MIRRORED_TYPE</macroname>(::std::string) &gt;::value
));
</programlisting>
<programlisting>
BOOST_STATIC_ASSERT((
	reflects_type&lt; <macroname>BOOST_MIRRORED_CLASS</macroname>(::std::pair&lt;int, ::std::string&gt;) &gt;::value
));
</programlisting>
<programlisting>
BOOST_STATIC_ASSERT((
	!reflects_type&lt; <macroname>BOOST_MIRRORED_NAMESPACE</macroname>(::boost::mirror) &gt;::value
));
</programlisting>
<programlisting>
BOOST_STATIC_ASSERT((
	!reflects_type&lt; <macroname>BOOST_MIRRORED_TYPE</macroname>(::std::string)::scope &gt;::value
));
</programlisting>
<programlisting>
BOOST_MPL_ASSERT((
	reflects_type&lt; <macroname>BOOST_MIRRORED_TYPE</macroname>(::std::string) &gt;
));
</programlisting>
<programlisting>
BOOST_MPL_ASSERT_NOT((
	reflects_type&lt; <macroname>BOOST_MIRRORED_NAMESPACE</macroname>(::boost::mirror) &gt;
));
</programlisting>
				</section>
			</description>
		</class>
	</namespace><!-- mirror -->
	</namespace><!-- boost -->
</header>
