<?xml version="1.0" encoding="utf-8"?>
<!DOCTYPE section PUBLIC "-//Boost//DTD BoostBook XML V1.0//EN"
	"http://www.boost.org/tools/boostbook/dtd/boostbook.dtd">
<header name="boost/mirror/traits/reflects_attribute.hpp">
	<namespace name="boost">
	<namespace name="mirror">
		<class name="reflects_attribute">
			<template>
				<template-type-parameter name="MetaObject"/>
			</template>
			<purpose>
				<para>If <code>MetaObject</code> is an instantiation of <code><classname>meta_attribute</classname></code>,
				then <code><classname>reflects_attribute</classname></code>
				inherits from <code><classname>::boost::mpl::true_</classname></code>. Otherwise it inherits from
				<code><classname>::boost::mpl::false_</classname></code>.
				</para>
			</purpose>
			<inherit access="public">
				<type><classname>mpl::false_</classname>-or-<classname>mpl::true_</classname></type>
			</inherit>
		</class>
	</namespace><!-- mirror -->
	</namespace><!-- boost -->
</header>
