<?xml version="1.0" encoding="utf-8"?>
<!DOCTYPE section PUBLIC "-//Boost//DTD BoostBook XML V1.0//EN"
	"http://www.boost.org/tools/boostbook/dtd/boostbook.dtd">
<header name="boost/mirror/traits/reflects_class.hpp">
	<namespace name="boost">
	<namespace name="mirror">
		<class name="reflects_class">
			<template>
				<template-type-parameter name="MetaObject"/>
			</template>
			<purpose>
				<para>If <code>MetaObject</code> is an instantiation of 
				<code><classname>meta_class</classname></code>, then <code><classname>reflects_class</classname></code>
				inherits from <code><classname>::boost::mpl::true_</classname></code>. Otherwise it inherits from
				<code><classname>::boost::mpl::false_</classname></code>.
				</para>
			</purpose>
			<inherit access="public">
				<type><classname>mpl::false_</classname>-or-<classname>mpl::true_</classname></type>
			</inherit>
			<description>
				<para>This template can be used to distinguish whether the opaque <code>MetaObject</code> type reflects a class
				and thus is an instantiation of <code><classname>meta_class</classname></code>.
				</para>
				<section id="mirror.reflects_class.reference.samples">
					<title>Examples</title>
<programlisting>
BOOST_MPL_ASSERT_NOT((
	reflects_class&lt; <macroname>BOOST_MIRRORED_TYPE</macroname>(::std::string) &gt;
));
</programlisting>
<programlisting>
BOOST_MPL_ASSERT((
	reflects_class&lt; <macroname>BOOST_MIRRORED_CLASS</macroname>(::std::string) &gt;
));
</programlisting>
<programlisting>
BOOST_MPL_ASSERT_NOT((
	reflects_class&lt; <macroname>BOOST_MIRRORED_CLASS</macroname>(::std::string)::scope &gt;
));
</programlisting>
				</section>
			</description>
		</class>
	</namespace><!-- mirror -->
	</namespace><!-- boost -->
</header>
