<?xml version="1.0" encoding="utf-8"?>
<!DOCTYPE library PUBLIC "-//Boost//DTD BoostBook XML V1.0//EN"
  "http://www.boost.org/tools/boostbook/dtd/boostbook.dtd">
<library name="Unicode" dirname="unicode" xmlns:xi="http://www.w3.org/2001/XInclude"
  id="unicode" last-revision="$Date: 2005/07/31 16:48:07 $">
  <libraryinfo>
    <author>
      <firstname>Graham</firstname>
      <surname>Barnett</surname>
	</author>
	<author>
      <firstname>Rogier</firstname>
      <surname>van Dalen</surname>
    </author>
	<copyright>
		<year>2005</year>
		<holder>Graham Barnett, Rogier van Dalen</holder>
	</copyright>

	  <legalnotice>
	    <para>Use, modification and distribution is subject to the Boost
		Software License, Version 1.0. (See accompanying file
		<filename>LICENSE_1_0.txt</filename> or copy at <ulink
		url="http://www.boost.org/LICENSE_1_0.txt">http://www.boost.org/LICENSE_1_0.txt</ulink>)</para>
	</legalnotice>

    <librarypurpose>
      Unicode strings, I/O, and character properties
    </librarypurpose> 
    <librarycategory name="category:string-text"/>
    <librarycategory name="category:containers"/>
  </libraryinfo>

  <title>Unicode</title>
  <xi:include href="introduction.xml"/>
  <xi:include href="get_started.xml"/>
  <xi:include href="utf.xml"/>
  <xi:include href="design_notes.xml"/>
  <xi:include href="ucd.xml"/>
  <xi:include href="objectives.xml"/>
  <xi:include href="reference.boostbook"/>
</library>
