<?xml version="1.0" encoding="utf-8"?>
<!DOCTYPE section PUBLIC "-//Boost//DTD BoostBook XML V1.0//EN"
	"http://www.boost.org/tools/boostbook/dtd/boostbook.dtd">
<programlisting>
#include &lt;boost/char_type_switch/iostream.hpp&gt;
#include &lt;boost/mirror/meta_namespace.hpp&gt;

int main(void)
{
	using namespace ::std;
	using namespace ::boost;
	using namespace ::boost::mirror;
	cts::bostream&amp; bcout = cts::<functionname>bcout</functionname>();

	// several namespaces are pre-registered
	bcout &lt;&lt; <macroname>BOOST_MIRRORED_GLOBAL_SCOPE</macroname>() ::base_name() &lt;&lt; endl;
	bcout &lt;&lt; <macroname>BOOST_MIRRORED_NAMESPACE</macroname>(::std) ::base_name() &lt;&lt; endl;
	bcout &lt;&lt; <macroname>BOOST_MIRRORED_NAMESPACE</macroname>(::boost) ::base_name() &lt;&lt; endl;
	bcout &lt;&lt; <macroname>BOOST_MIRRORED_NAMESPACE</macroname>(::boost::mirror) ::base_name() &lt;&lt; endl;
	//
	bcout &lt;&lt; <macroname>BOOST_MIRRORED_GLOBAL_SCOPE</macroname>() ::full_name() &lt;&lt; endl;
	bcout &lt;&lt; <macroname>BOOST_MIRRORED_NAMESPACE</macroname>(::std) ::full_name() &lt;&lt; endl;
	bcout &lt;&lt; <macroname>BOOST_MIRRORED_NAMESPACE</macroname>(::boost) ::full_name() &lt;&lt; endl;
	bcout &lt;&lt; <macroname>BOOST_MIRRORED_NAMESPACE</macroname>(::boost::mirror) ::full_name() &lt;&lt; endl;

	return 0;
}
</programlisting>

