<?xml version="1.0" encoding="utf-8"?>
<!DOCTYPE section PUBLIC "-//Boost//DTD BoostBook XML V1.0//EN"
	"http://www.boost.org/tools/boostbook/dtd/boostbook.dtd">
<header name="boost/char_type_switch/char.hpp"
	xmlns:xi="http://www.w3.org/2001/XInclude"
>
	<using-namespace name="boost"/>
	<using-namespace name="boost::cts"/>

	<namespace name="boost">
	<namespace name="cts">

	<xi:include href="typedef_bchar.xml"/>

	</namespace><!-- cts -->
	</namespace><!-- boost -->

	<xi:include href="macro_LITERAL.xml"/>
	<xi:include href="macro_LIT_LENGTH.xml"/>
	<xi:include href="macro_STRINGIZE.xml"/>

</header>
