<?xml version="1.0" encoding="utf-8"?>
<!DOCTYPE section PUBLIC "-//Boost//DTD BoostBook XML V1.0//EN"
	"http://www.boost.org/tools/boostbook/dtd/boostbook.dtd">
<header name="boost/char_type_switch/choice.hpp"
	xmlns:xi="http://www.w3.org/2001/XInclude"
>
	<using-namespace name="boost"/>
	<using-namespace name="boost::cts"/>

	<namespace name="boost">
	<namespace name="cts">

	</namespace><!-- cts -->
	</namespace><!-- boost -->

	<macro name="BOOST_CTS_USE_WIDE_CHARS">
		<purpose>
			<para>This preprocessor symbol is used to switch the definition of <code><classname>bchar</classname></code>
			and everything derived from this type.
			</para>
		</purpose>
		<description>
			<para>If the <code><macroname>BOOST_CTS_USE_WIDE_CHARS</macroname></code> symbol is defined
			then the type <code><classname>bchar</classname></code> is defined as <code>wchar_t</code>,
			otherwise it's defined as <code>char</code>:
<programlisting>
#include &lt;boost/char_type_switch/string.hpp&gt;

#ifdef <macroname>BOOST_CTS_USE_WIDE_CHARS</macroname>
<macroname>BOOST_MPL_ASSERT</macroname>((::boost::<classname>is_same</classname>&lt; ::boost::cts::<classname>bchar</classname>, wchar_t &gt;));
#else
<macroname>BOOST_MPL_ASSERT</macroname>((::boost::<classname>is_same</classname>&lt; ::boost::cts::<classname>bchar</classname>, char &gt;));
#endif
</programlisting>
			</para>
		</description>
	</macro>

	
</header>
