<?xml version="1.0" encoding="utf-8"?>
<!DOCTYPE section PUBLIC "-//Boost//DTD BoostBook XML V1.0//EN"
	"http://www.boost.org/tools/boostbook/dtd/boostbook.dtd">
<function name="bcin"
	xmlns:xi="http://www.w3.org/2001/XInclude"
>
	<type><classname>bistream</classname>&amp;</type>
	<purpose>
		<para>Returns a reference to the standard input stream. 
		</para>
	</purpose>
	<description>
		<para>If <code><classname>bchar</classname></code> is defined as <code>char</code> then this function returns a reference 
		to <code>::std::cin</code>, otherwise if <code><classname>bchar</classname></code> is defined as <code>wchar_t</code>,
		then <code><functionname>bcin</functionname></code> returns a reference to <code>::std::wcin</code>.
		</para>
	</description>
</function>
