<?xml version="1.0" encoding="utf-8"?>
<!DOCTYPE section PUBLIC "-//Boost//DTD BoostBook XML V1.0//EN"
	"http://www.boost.org/tools/boostbook/dtd/boostbook.dtd">
<header name="boost/char_type_switch/string.hpp"
	xmlns:xi="http://www.w3.org/2001/XInclude"
>
	<using-namespace name="boost"/>
	<using-namespace name="boost::cts"/>

	<namespace name="boost">
	<namespace name="cts">

	<xi:include href="typedef_bchar_traits.xml"/>
	<xi:include href="typedef_bstring.xml"/>
	
	</namespace><!-- cts -->
	</namespace><!-- boost -->


</header>
