<?xml version="1.0" encoding="utf-8"?>
<!DOCTYPE section PUBLIC "-//Boost//DTD BoostBook XML V1.0//EN"
	"http://www.boost.org/tools/boostbook/dtd/boostbook.dtd">
<typedef name="bchar_traits"
	xmlns:xi="http://www.w3.org/2001/XInclude"
>
	<type>::std::<xi:include href="../ulinks/std__char_traits.xml"/>&lt;<classname>bchar</classname>&gt;</type>
	<purpose>
		<para>The <code>::std::<xi:include href="../ulinks/std__char_traits.xml"/></code> for the 
		<code><classname>bchar</classname></code> character type.
		</para>
	</purpose>
	<description>
		<para>The <code><classname>bchar_traits</classname></code> type is defined as abbreviation for 
		<code>::std::<xi:include href="../ulinks/std__char_traits.xml"/>&lt;<classname>bchar</classname>&gt;</code>.
		</para>
	</description>
</typedef>
