<?xml version="1.0" encoding="utf-8"?>
<!DOCTYPE section PUBLIC "-//Boost//DTD BoostBook XML V1.0//EN"
	"http://www.boost.org/tools/boostbook/dtd/boostbook.dtd">
<class name="meta_class_all_attributes"
	xmlns:xi="http://www.w3.org/2001/XInclude"
>
	<template>
		<template-type-parameter name="unspecified"/>
	</template>
	<purpose>
		<para>This class template contains the <code><classname>meta_class_attribute</classname></code>s
		reflecting the individual attributes of a class. More precisely, all attributes including the inherited ones.
		To inspect only the "own" attributes of a class, not including the inherited ones, use the specializations 
		of the <code><classname>meta_class_attributes</classname></code> template.
		template.
		</para>
		<para>The <code><classname>meta_class_all_attributes</classname></code> template should not be instantiated
		directly, <code><classname>meta_class_all_attributes</classname></code> are obtained only as result
	       	of introspection operations on <code><classname>meta_class</classname></code>.
		</para>
		<para>The individual <code><classname>meta_class_attribute</classname></code>s and 
		iterators pointing to them should be obtained as results
		of the meta-object-sequence algoritms. See the examples for more details on usage of 
		<code><classname>meta_class_all_attributes</classname></code>.
		</para>
	</purpose>
	<description>
		<para>
		</para>
		<section id="mirror.meta_class_all_attributes.reference.samples">
		<section id="mirror.meta_class_all_attributes.reference.sample01">
			<title>Example - Basic usage</title>
			<para>
			</para>
			<!--
			<xi:include href="../samples/usage_meta_attribute_01.xml"/>
			-->
		</section>
		</section>
	</description>
        <access name="public">
        <typedef name="scope">
                <type><classname>meta_class</classname>&lt;<emphasis>unspecified</emphasis>&gt;</type>
                <description>
                        <para>Meta-class describing the scope where the reflected attributes are defined.
                        The scope is the class that the reflected attributes belong to.
                        </para>
                </description>
        </typedef>
	</access>
</class>

