<?xml version="1.0" encoding="utf-8"?>
<!DOCTYPE section PUBLIC "-//Boost//DTD BoostBook XML V1.0//EN"
	"http://www.boost.org/tools/boostbook/dtd/boostbook.dtd">
<macro name="BOOST_MIRROR_REG_TYPE_EMBEDDED" 
	kind="functionlike"
	xmlns:xi="http://www.w3.org/2001/XInclude"
>
	<macro-parameter name="WRAPPER">
	</macro-parameter>
	<macro-parameter name="TYPE">
	</macro-parameter>
	<purpose>
		<para>This macro is used to register a type, that is defined inside of a class.
		After successful registration the type can be reflected. This macro is equivalent to the 
		<code><macroname>BOOST_MIRROR_REG_TYPE_GLOBAL_SCOPE</macroname></code> macro. 
		</para>
	</purpose>
	<description>
		<para>This macro is equivalent to the <code><macroname>BOOST_MIRROR_REG_TYPE_EMB</macroname></code> macro.
		See the documentation of <code><macroname>BOOST_MIRROR_REG_TYPE_EMB</macroname></code> for more details.
		</para>
	</description>
</macro>
