<?xml version="1.0" encoding="utf-8"?>
<!DOCTYPE section PUBLIC "-//Boost//DTD BoostBook XML V1.0//EN"
	"http://www.boost.org/tools/boostbook/dtd/boostbook.dtd">
<header name="boost/mirror/meta_namespace.hpp"
	xmlns:xi="http://www.w3.org/2001/XInclude"
>
	<using-namespace name="boost::mirror"/>
	<using-namespace name="boost::cts"/>
	<namespace name="boost">
	<namespace name="mirror">
	
		<xi:include href="class_meta_namespace.xml"/>

	</namespace><!-- mirror -->
	</namespace><!-- boost -->

	<!-- macros -->
	<xi:include href="macro_REG_NAMESPACE.xml"/>
	<xi:include href="macro_RFL_NAMESPACE.xml"/>
	<xi:include href="macro_RFL_GLOBAL_SCOPE.xml"/>

</header>
