<?xml version="1.0" encoding="utf-8"?>
<!DOCTYPE section PUBLIC "-//Boost//DTD BoostBook XML V1.0//EN"
	"http://www.boost.org/tools/boostbook/dtd/boostbook.dtd">
<header name="boost/mirror/meta_type.hpp"
	xmlns:xi="http://www.w3.org/2001/XInclude"
>
	<using-namespace name="boost::mirror"/>
	<using-namespace name="boost::cts"/>
	<namespace name="boost">
	<namespace name="mirror">

		<xi:include href="class_meta_type.xml"/>

	</namespace><!-- mirror -->
	</namespace><!-- boost -->

	<!-- macros -->
	<!-- registering -->
	<xi:include href="macro_REG_TYPE.xml"/>
	<xi:include href="macro_REG_TYPE_GS.xml"/>
	<xi:include href="macro_REG_TYPE_GLOBAL_SCOPE.xml"/>
	<xi:include href="macro_REG_TYPEDEF.xml"/>
	<xi:include href="macro_REG_TYPEDEF_GS.xml"/>
	<xi:include href="macro_REG_TYPEDEF_GLOBAL_SCOPE.xml"/>
	<xi:include href="macro_REG_TYPE_EMB.xml"/>
	<xi:include href="macro_REG_TYPE_EMBEDDED.xml"/>
	<!-- reflection -->
	<xi:include href="macro_RFL_TYPE.xml"/>
	<xi:include href="macro_RFL_TYPE_NS.xml"/>
	<xi:include href="macro_RFL_TYPEDEF.xml"/>
	<xi:include href="macro_RFL_TYPEDEF_GS.xml"/>
	<xi:include href="macro_RFL_TYPEDEF_GLOBAL_SCOPE.xml"/>
	<xi:include href="macro_RFL_TYPEOF.xml"/>
</header>
