<?xml version="1.0" encoding="utf-8"?>
<!DOCTYPE section PUBLIC "-//Boost//DTD BoostBook XML V1.0//EN"
	"http://www.boost.org/tools/boostbook/dtd/boostbook.dtd">
<section id="mirror.examples.refl_namespaces_03"
	 xmlns:xi="http://www.w3.org/2001/XInclude"
>
<using-namespace name="boost::mirror"/>
<using-namespace name="boost::cts"/>

<title>Usage of <code><classname>meta_namespace</classname></code>'s generic name getter - example 1</title>
<para>This example shows the usage of the <code><classname>meta_namespace</classname></code> template,
in particular it shows the usage of the generic namespace name getter function <code>get_name</code>.
</para>
<para>
In this example only the namespaces that are pre-registered by <libraryname>Mirror</libraryname> are reflected. 
See <xref linkend="mirror.examples.registering"/> if you want to find out more about namespace registering.
</para>
<xi:include href="../samples/usage_meta_namespace_03.xml"/>
</section>

