<?xml version="1.0" encoding="utf-8"?>
<!DOCTYPE section PUBLIC "-//Boost//DTD BoostBook XML V1.0//EN"
	"http://www.boost.org/tools/boostbook/dtd/boostbook.dtd">
<section id="mirror.examples.refl_namespaces_01"
	 xmlns:xi="http://www.w3.org/2001/XInclude"
>
<using-namespace name="boost::mirror"/>
<using-namespace name="boost::cts"/>

<title>Reflecting namespaces - example 1</title>
<para>This example shows how to use the namespace <link linkend="mirror.reference.reflecting">reflection macros</link> 
to get an instantiation of the <code><classname>meta_namespace</classname></code> template, that provides meta-information
about a namespace and the basic usage of the <code><classname>meta_namespace</classname></code> template.
In this example only the namespaces that are pre-registered by <libraryname>Mirror</libraryname> are reflected. 
See <xref linkend="mirror.examples.registering"/> to find out more about namespace registering.

</para>
<xi:include href="../samples/usage_meta_namespace_01.xml"/>
</section>

